spanish,english
de,of
no,No
a,a
la,the
el,the
es,it is
y,Y
en,in
lo,it
un,a
por,by
qué,what
me,I
una,a
te,tea
los,the
se,I know
con,with
para,for
mi,me
está,this
si,Yes
bien,right
pero,but
yo,me
eso,it's
las,the
sí,Yes
su,its
tu,your
aquí,here
del,of
al,to the
como,What
le,you
más,plus
esto,this
ya,Already
todo,all
esta,is
vamos,we go
muy,very
hay,there are
ahora,now
algo,something
estoy,am
tengo,I've got
nos,us
tú,your
nada,any
cuando,when
ha,he has
este,East
sé,HE
estás,are
así,So
puedo,Can I
cómo,What
quiero,I want
sólo,single
soy,am
tiene,have
gracias,Thank you
o,either
él,the
bueno,Okay
fue,it was
ser,be
hacer,do
son,are
todos,everybody
era,it was
eres,are
vez,time
tienes,you have
creo,I think
ella,she
he,He
ese,that
voy,I go
puede,can
sabes,you know
hola,hello
sus,their
porque,because
dios,god
quién,who
nunca,never
dónde,where
quieres,you want
casa,House
favor,favour
dos,two
tan,so
señor,mister
tiempo,weather
verdad,TRUE
estaba,I was
mejor,better
están,is it so
va,goes
hombre,men
usted,you
mucho,much
hace,does
entonces,then
siento,I feel
tenemos,we have
puedes,you may
ahí,there
ti,you
vida,life
ver,watch
alguien,someone
sr,Mr
hasta,until
sin,without
mí,my
solo,only
años,years
sobre,on
decir,tell
uno,one
siempre,forever
oh,Oh
ir,to go
cosas,stuff
también,also
antes,before
has,you have
ni,neither
mis,my
día,day
estar,be
estamos,we're
noche,night
nadie,no one
otra,other
quiere,wants
parece,It seems
nosotros,us
poco,little bit
padre,dad
trabajo,worked
gente,people
mira,look
vas,you go
sea,be
les,them
donde,where
mismo,same
hecho,done
ellos,they
dijo,said
pasa,happens
dinero,money
hijo,son
tal,such
otro,other
hablar,speak
seguro,sure
claro,Sure
estas,these
lugar,place
mundo,world
amigo,dude
espera,wait
mierda,shit
han,they have
tus,your
sabe,knows
después,after
momento,moment
desde,since
fuera,outside
cosa,stuff
tipo,Type
mañana,morning
podemos,can
dije,said
gran,great
necesito,needed
estado,condition
podría,could
acuerdo,agreement
papá,father
tener,to have
dice,He says
mío,Own
crees,You believe
buena,good
gusta,like
nuestro,our
nuevo,new
será,will be
haciendo,making
días,days
nombre,Name
buen,good
había,there was
ven,come
tres,three
menos,less
debe,must
tenía,I had
mal,wrong
conmigo,with me
madre,mother
hoy,today
quien,who
sido,been
mamá,breast
tienen,have
luego,later
todas,all
allí,over there
toda,all
hora,hour
mujer,woman
visto,viewed
haces,you do
importa,It matters
contigo,with you
ve,go
tarde,afternoon
oye,hears
parte,part
haber,to have
hombres,mens
problema,issue
mas,plus
saber,to know
quería,wanted
aún,even
veces,times
nuestra,our
hacerlo,do it
cada,each
hizo,made
veo,I see
tanto,so much
razón,reason
ustedes,your
idea,idea
esos,those
van,go
quizá,Maybe
debo,I shall
alguna,some
cierto,certain
ud,You
muerto,dead
unos,some
estos,these
salir,leave
policía,policeman
realmente,Really
demasiado,too
familia,family
pueden,they can
cabeza,head
hemos,we have
amigos,friends
chica,girl
cariño,sweetie
lado,side
allá,there
entre,Come in
minutos,minutes
digo,say
algún,some
serio,I laughed
cuidado,watch out
pasó,I pass
buenas,good
somos,are
amor,love
puerta,gate
ves,you see
vaya,wow
ah,ah
suerte,luck
eh,Hey
rápido,Quick
cuenta,bill
quizás,maybe
esas,those
pues,well
pasado,past
pensé,I thought
todavía,yet
hermano,brother
debes,you should
casi,almost
forma,form
aqui,here
chico,boy
ok,okay
dicho,saying
nueva,new
sabía,I knew
muchas,many
dentro,within
hice,I did
contra,against
auto,auto
camino,road
ayuda,aid
primera,first
hacia,towards
vi,saw
miedo,fear
adiós,bye
primero,first
debería,should
poder,can
niños,kids
sería,would
historia,history
hey,Hey
mientras,while
ciudad,city
dijiste,said
espero,wait
cuánto,how many
esposa,wife
pronto,early
chicos,Boys
cualquier,any
viejo,old
debemos,must
deja,let
año,year
muerte,death
hablando,talking
manos,hands
da,gives
loco,crazy
problemas,problems
mano,hand
guerra,war
semana,week
pasar,spend
vale,okay
cuál,which
viene,comes
volver,return
toma,taking
caso,case
agua,Water
haré,I will do
vete,go away
entiendo,I get it
horas,hours
personas,people
capitán,captain
adelante,ahead
niño,little boy
listo,clever
noches,nights
buenos,good ones
iba,I was going
juntos,together
dame,give to me
único,unique
déjame,let me
cerca,close
otros,others
sigue,follow
grande,great
arriba,up
jefe,boss
habla,speech
supongo,I guess
manera,way
quieren,They want
feliz,happy
significa,it means
sangre,blood
fin,finish
bajo,bass
llama,call
venir,to come
morir,To die
importante,important
hiciste,did
ojos,eyes
escucha,listen
entrar,get in
ningún,none
corazón,heart
diablos,Devils
necesitamos,need
atrás,behind
durante,during
dices,You say
nuestros,our
persona,person
abajo,down
dr,Dr.
hija,daughter
dejar,let
necesita,needs to
llegar,get
hago,I make
señora,Mrs
haya,is
suficiente,enough
doctor,doctor
gustaría,would like
tierra,Earth
cara,expensive
siquiera,even
genial,cool
cree,Believe
supuesto,supposed
tomar,drink
equipo,equipment
justo,just
juego,play
ninguna,none
matar,to kill
cinco,five
dicen,They say
amo,love
cuándo,when
pequeño,little
algunos,Some
conozco,know
clase,class
maldito,damned
unas,nail
muchos,Many
hubiera,had
segundo,second
aunque,though
pueda,I can
dime,tell me
igual,Same
comida,food
ay,Oh
cuerpo,Body
encontrar,find
fuerte,strong
vuelta,lap
venga,come on
creer,believe
realidad,reality
saben,They know
puta,bitch
deberías,you should
pregunta,Question
fui,I was
cuatro,four
sra,Mrs
primer,first
trabajar,to work
e,and
hagas,you do
alto,tall
maldita,damn
comer,to eat
número,number
dar,to give
necesitas,you need
oportunidad,chance
punto,point
misma,same
última,last
afuera,outside
mujeres,women
pensar,to think
fueron,were
difícil,hard
vivir,to live
paso,step
malo,bad
estabas,You were
vivo,live
haga,make
queda,remains
hijos,sons
mayor,elderly
fiesta,party
hacen,make
medio,medium
algunas,some
basta,Enough
arma,weapon
vino,came
meses,months
cuarto,fourth
éste,East
escuela,school
esté,East
dólares,Dollars
tío,uncle
posible,possible
tuve,I had
fácil,easy
preocupes,worry
luz,light
eran,were
carajo,fuck
final,final
lista,ready
trata,about
armas,weapons
hermana,sister
exactamente,exactly
chicas,girls
podía,could
bastante,Quite
seguridad,security
pasando,going
esperando,hoping for
acá,here
teléfono,telephone
perro,dog
fuego,fire
murió,he died
tampoco,either
sola,alone
estuvo,he was
verte,to see you
iré,I will go
tenido,Dyed
culpa,fault
veras,you'll see
adónde,where to
buscando,searching
cuanto,how much
padres,fathers
paz,peace
demonios,demons
estará,will be
cual,which
perdón,sorry
asi,So
jugar,play
pensando,thinking
esperar,expect
sabemos,we know
recuerdo,memory
par,pair
joven,young man
seguir,continue
pueblo,village
tenga,have
caballeros,gentlemen
idiota,moron
dio,it gave
minuto,minute
bebé,baby
única,only
lejos,far
nuestras,ours
plan,plan
pienso,I think
sentido,sense
dormir,sleep
digas,you say
palabra,word
correcto,Right
control,control
vemos,we see
entiendes,You understand
país,country
seis,six
último,latest
ésta,is
diga,Say
podrías,could you
pequeña,small
cállate,shut
trato,deal
rey,king
sucede,happens
muchachos,boys
jamás,Never
cama,bed
srta,Ms
ayudar,help
acerca,about
di,gave
cambio,change
falta,lack
hospital,hospital
lleva,carries
presidente,President
mil,one thousand
gusto,taste
conoces,you know
diciendo,saying
os,you
ido,gone
general,general
extraño,weird
semanas,weeks
coche,car
peor,worse
mucha,a lot
disculpe,excuse me
diré,I'll say
anoche,last night
perder,lose
vámonos,Let's go
nave,ship
cielo,darling
habrá,there will be
orden,order
segura,safe
querida,Dear
niña,little girl
increíble,incredible
además,what's more
deben,They must
libro,book
calle,street
café,coffee
piensas,You think
hacemos,we make
especial,special
queremos,we want
irme,Go
perfecto,perfect
buscar,Search
odio,hatred
piensa,think
oficina,office
hablas,speak
libre,free
agente,agent
york,York
llamar,to call
mala,bad
detrás,behind
viste,dresses
dile,tell him
grandes,large
recuerdas,remember
real,real
estaban,They were
mía,mine
frente,front
perdido,lost
llamo,called
muertos,dead
millones,millions
asesino,assassin
sueño,sleep
quisiera,I would like
habría,there would be
hará,will do
viaje,trip
probablemente,probably
resto,rest
estaré,I will be
maldición,damn
lamento,lament
muchacho,young guy
avión,airplane
ropa,clothing
fuerza,strength
llamado,called
oído,ear
dado,given
encima,over
negro,black
usar,use
información,information
uds,You
preguntas,questions
tuvo,He had
secreto,secret
vuelve,Come back
miren,Look
quieras,You want
haría,would do
acaba,just
otras,others
incluso,even
sientes,you feel
deberíamos,we should
haz,make
decirte,tell you
boca,mouth
dolor,pain
baño,bath
adentro,indoors
profesor,professor
habitación,room
daño,damage
tuyo,yours
seas,You are
noticias,news
demás,the rest
querido,Dear
duro,Lasted
poner,put
prueba,Test
mire,Look
tonto,fool
campo,countryside
siendo,being
diez,ten
ése,that
tranquilo,calm
asunto,affair
acabó,just
quédate,stay
derecho,law
placer,pleasure
recuerda,remember
estuve,was
tratando,trying
ejército,army
futuro,future
llevar,wear
compañía,company
venido,I come
listos,Ready
haremos,will
sitio,place
verlo,see him
puesto,Market Stall
atención,attention
sino,otherwise
cambiar,change
error,mistake
blanco,white
raro,rare
palabras,words
llegó,I arrive
sal,Salt
pase,happens
mente,mind
sistema,system
película,movie
anda,walk
ello,it
negocio,business
novia,girlfriend
permiso,permission
creí,I believed
suena,sounds
ocurre,occurs
oficial,official
espere,Wait
aire,air
mató,killed
regresar,to return
vio,he saw
hazlo,do it
trasero,rear
grupo,cluster
entendido,it is understood
señorita,Miss
música,music
perra,bitch
conoce,known
empezar,start
siente,Feel
acabo,finished
estúpido,idiot
diferente,different
traje,costume
modo,mode
encontré,I found
mensaje,message
llamada,call
navidad,Christmas
eras,ages
pena,grief
largo,length
entra,enters
piso,flat
foto,Photo
dijeron,They said
médico,medical
accidente,accident
fuiste,you were
imposible,impossible
podríamos,we could
línea,line
propia,own
barco,boat
ganar,gain
normal,normal
segundos,seconds
vive,it lives
mitad,half
quiera,want
tras,after
decirle,Tell him
lindo,pretty
funciona,works
programa,Program
vine,came
abre,opens
sean,Sean
pagar,to pay
fotos,Photos
centro,center
supone,It supposes
basura,trash
situación,situation
mejores,top
vienen,they come
encanta,loves
marido,husband
personal,staff
maestro,teacher
hambre,hunger
ataque,attack
culo,ass
dale,Go ahead
pie,foot
conseguir,get
trabajando,working
gracioso,funny
dejó,let
pudo,could
derecha,right
izquierda,left
próxima,next
pobre,poor
respuesta,response
tipos,types
sentir,feel
tenías,You had
pude,I could
darle,give him
voz,voice
amiga,friend
gustan,like
vista,view
salvo,except
loca,crazy
hotel,hotel
hicieron,they made
ten,Ten
temo,I fear
señal,sign
pelo,hair
llevo,wear
ayer,Yesterday
das,you give
nena,chick
servicio,service
tren,train
bonito,nice
mes,month
tendrá,will have
tendrás,you will have
edad,age
ellas,they
hermosa,beautifull
honor,honor
simplemente,simply
llamas,calls
tengas,Have
corre,runs
baja,short
sol,sun
siéntate,Sit down
dan,give
humano,human
divertido,funny
sexo,sex
vuelto,turned
peligro,danger
mesa,table
siguiente,Next
hablo,talked
disculpa,Sorry
decirme,Tell me
caja,cash register
negocios,business
misión,mission
silencio,silence
sale,comes out
llegado,arrived
estaría,It would
regreso,Return
media,half
estan,are
propio,own self
oro,Prayed
enseguida,right away
linda,pretty
prometo,I promise
esposo,husband
norte,north
hubo,there was
juro,I swear
muerta,dead
interesante,interesting
pensaba,thought
busca,search
terminar,end up
tendré,I will have
completamente,completely
cita,date
siete,seven
cumpleaños,birthday
abogado,attorney
alrededor,around
cerebro,brain
porqué,because
llave,wrench
santo,holy
hermoso,handsome
necesario,necessary
edificio,building
irnos,Go
aun,still
tendremos,we will have
vayas,go
doy,give
trae,Bring
salió,he left
ley,law
ahi,over there
verdadero,real
pelea,Fight
banco,bank
terrible,terrible
calma,Calm down
cena,Dinner
daré,I will give
gobierno,government
comprar,to buy
creen,They believe
sargento,sergeant
destino,destiny
existe,exists
hacía,towards
novio,boyfriend
sala,living room
través,through
regalo,gift
iglesia,church
decía,He said
cualquiera,any
excelente,Excellent
esperen,Wait
deseo,desire
alma,soul
diablo,Devil
deje,leave
cuántos,many
espada,sword
estábamos,We were
carne,meat
maravilloso,wonderful
vidas,lives
sucedió,happened
oí,I heard
peligroso,dangerous
dirección,address
libertad,freedom
jesús,Jesus
ocurrió,It occurred
veré,I will see
sueños,dreams
pudiera,could
detective,detective
sorpresa,surprise
tuya,yours
pies,feet
club,club
terminado,finished
infierno,hell
creía,I believed
luna,Moon
salvar,save
carta,letter
estés,be
cielos,Heavens
teniente,lieutenant
encuentra,find
veamos,let's see
quise,I wanted
escúchame,listen to me
necesitan,They need
ambos,both of them
decisión,decision
enemigo,enemy
hicimos,we did
dulce,sweet
pruebas,tests
querías,You wanted
abuelo,grandfather
totalmente,totally
mirando,looking at
vayan,go
carrera,race
vuelo,flight
ante,in view of
bienvenido,Welcome
harás,you will do
encontramos,we find
encontrado,found
contacto,Contact
posición,position
saberlo,know
planeta,planet
humanos,humans
coronel,colonel
junto,together
diría,would say
ésa,this
base,base
oír,hear
suelo,I usually
pelear,quarrel
ayudarte,help you
pistola,gun
frío,cold
comandante,commander
partes,Parties
llega,arrives
verás,you'll see
sur,south
iremos,we'll go
rato,little while
mar,sea
espacio,space
asesinato,murder
ventana,window
prisa,rush
tienda,store
cámara,camera
puedas,You can
según,according to
broma,joke
reunión,meeting
despierta,wake up
sacar,take
tí,you
segunda,second
papel,paper
locura,craziness
departamento,department
horrible,horrible
enfermo,sick
pregunto,I ask
cárcel,jail
órdenes,orders
intento,try
isla,island
salida,exit
llamó,I call
volveré,I will be back
usa,uses
gato,cat
hagan,do
dejes,Leave
duele,hurts
vengan,come
crimen,crime
esperaba,I expected
causa,cause
bar,bar
seré,I will be
ocho,eight
temprano,early
río,river
relación,relationship
drogas,Drugs
luces,lights
bromeando,joking
ojalá,I wish
hablamos,We speak
trabaja,works
irse,leave
libros,books
radio,radio
vienes,you come
quedan,They remain
excepto,except
brazo,arm
tome,take
rojo,red
conocido,known
universidad,college
investigación,research
batalla,battle
reglas,rules
cargo,position
hogar,home
ninguno,none
dieron,They gave
vuelva,Return
sabías,You knew
respeto,respect
estación,station
corte,court
paciente,patient
encuentro,meeting
energía,Energy
dejado,left
baile,dance
abuela,grandmother
caliente,hot
vieja,old woman
viendo,seeing
veremos,we will see
rayos,Ray
simple,simple
bailar,dance
papa,dad
triste,sad
zona,zone
serás,you will
guardia,guard
canción,song
salud,Health
escuchar,listen
parar,stop
estarás,You will be
cenar,diner
soldados,soldiers
caballo,horse
serán,will be
estaremos,we will be
interesa,interests
volar,to fly
principio,beginning
nivel,level
cálmate,take it easy
conocer,know
finalmente,Finally
alegro,glad
debajo,under
podrían,could
bosque,forest
bonita,pretty
bolsa,bag
pone,places
taxi,cab
ocupado,occupied
amable,gentle
acaso,perhaps
detente,stop
imbécil,fool
san,saint
equivocado,wrong
viva,live
puso,put
obra,construction site
consejo,tip
público,public
ayúdame,Help me
animales,animals
azul,blue
apuesto,handsome
prisión,prison
mirar,look at
inteligente,intelligent
metros,meters
fantástico,fantastic
próximo,next
jugando,Playing
ojo,eye
salga,out
vea,See
llaman,They call
entrada,entry
duda,doubt
cerveza,beer
unidos,United
matado,killed
princesa,princess
perdí,I missed
entender,to understand
santa,Holy
quedar,stay
miles,Thousands
llamaré,I will call
compañero,co-worker
pensado,thought-out
espalda,back
dejé,leave
bomba,bomb
cartas,cards
apenas,barely
leer,read
hermanos,brothers
darme,give me
papi,Daddy
mantener,hold
suyo,yours
rico,rich
verla,see it
lee,read
sigues,are you still
toca,touches
olvídalo,forget it
acción,action
hayas,be
dioses,gods
mando,I send
dejaré,I will leave
llegue,I arrived
formas,shapes
uh,UH
cierra,Close
damas,ladies
puente,bridge
memoria,memory
regresa,came back
muévanse,move
parecía,looked like
vestido,dress
llaves,keys
tv,TV
camión,truck
acabar,finish
robot,robot
llevó,wear
montón,lot
estuviste,You were
máquina,machine
puertas,doors
podamos,we can
muere,go dead
trago,drink
mayoría,most
reina,Queen
lleno,full
inglés,English
don,Don
soldado,soldier
estrella,star
escuche,I listened
valor,worth
pido,I ask
delante,in front of
código,code
héroe,hero
fe,faith
capaz,capable
verme,see me
beber,to drink
velocidad,speed
darte,to give you
llevas,You carry
partido,match
estuviera,I was
dia,day
opinión,opinion
irte,go
cocina,kitchen
abrir,open
perros,dogs
tambien,also
sepa,Know
pareces,You seem
escribir,to write
golpe,blow
tenia,had
alta,high
estados,state
tocar,play
vuelvo,I come back
habían,They were
ganas,desire
hacerte,make you
dejo,left
volvió,went back
ejemplo,example
contar,count
tenían,They had
propósito,purpose
entiende,understands
empieza,begin
anillo,ring
londres,London
tendría,would have
pedir,ask
estilo,style
ayudarme,help me
pista,clue
cambiado,changed
escapar,get away
eeuu,USA
encontró,he found
espíritu,spirit
viejos,old
molesta,upset
nota,note
diferencia,difference
tratar,treat
precio,price
caballero,Knight
sirve,it serves
alegra,Alegra
doble,double
agradable,nice
embargo,embargo
tengan,have
tuvimos,We had
sube,goes up
estén,are
mami,Mommy
emergencia,emergency
cuello,neck
boda,wedding
aprender,to learn
té,tea
informe,report
experiencia,experience
debía,should
podido,I have
mentira,lie
director,director
mata,Bush
exacto,exact
déjalo,leave it alone
defensa,defending
tuviste,You saw
confiar,trust
color,color
hacerle,do
aquel,that
conocí,I met
probar,try
príncipe,the prince
irá,gonna
despacio,slowly
tiro,threw
vacaciones,holidays
perdió,lost
fondo,background
verde,green
parecen,they look like
mama,mother
bienvenida,welcome
opción,option
operación,operation
hablado,spoken
traer,bring
principal,major
demonio,evil
zapatos,shoes
leo,Leo
respecto,regard
nuevos,new
especie,species
pidió,asked
éxito,success
cabrón,dumbass
mírame,Look at me
piernas,legs
unidad,Unit
hielo,ice
llegamos,we arrived
déjeme,Leave me
debí,debí
vendrá,will come
matrimonio,marriage
habías,You were
podrá,can
piel,skin
preocupa,worries
quedarme,stay
mio,mine
tuviera,had
tiempos,time
quienes,who
oiga,Listen
últimos,last
oigan,Hey
fuimos,went
arte,art
necesitaba,needed
quiénes,Who is it
común,common
intentando,trying
llevaré,I will carry
levántate,Get up
correr,run
brillante,sparkly
calor,heat
planes,Plans
dra,Dra
visita,visit
presión,Pressure
pared,wall
esperanza,hope
completo,complete
subir,go up
cansado,tired
llame,I called
recordar,to remember
trampa,trap
monstruo,monster
bajar,go down
pierna,leg
señores,Sirs
tomó,I take
pasará,it will happen
mataste,kill you
grandioso,magnificent
socio,partner
herido,injured
cayó,it fell
fuerzas,forces
cine,cinema
escena,scene
tía,aunt
dando,giving
puntos,points
teníamos,we had
dejaste,You left
muévete,move on
larga,long
solía,used to
tema,theme
preparado,prepared
depende,depends
policías,Police
solos,alone
matarme,kill me
pon,put
hubiese,there would be
bebe,baby
tanta,So much
oeste,West
parís,Paris
viento,wind
jóvenes,youths
hacerme,make me
asiento,seat
estupendo,great
caminar,to walk
juicio,judgment
creerlo,Believe it
carga,burden
tranquila,quiet
banda,band
estarán,will be
animal,animal
escuchen,listen
encontraron,They found
dejas,you let
tarjeta,card
ibas,You were
podrás,you can
nueve,nine
seguramente,surely
volverá,To return to
majestad,majesty
llena,full
caer,fall
aeropuerto,airport
vayamos,Let's go
acabado,finish
sigo,I follow
enorme,enormous
área,area
muevas,move
haberlo,have
dejen,Leave
ridículo,ridiculous
reloj,clock
hagamos,let's do
flores,flowers
mapa,Map
culpable,guilty
cuentas,accounts
pareja,partner
tomando,taking
laboratorio,laboratory
beso,kiss
empezó,it started
pedí,I asked
nariz,nose
cuestión,question
terminó,term
vengo,I come
perdona,sorry
acuerdas,You agree
verano,summer
prefiero,I prefer
peso,weight
oscuridad,darkness
diferentes,different
cliente,client
cuántas,how many
televisión,TV
suya,hers
prensa,press
vistazo,glance
inmediatamente,immediately
solamente,only
gordo,Fat
quedarse,to stay
posibilidad,possibility
medicina,medicine
malditos,Damn
pantalones,pants
mataron,They killed
ayude,help
podremos,we will can
locos,crazy
nombres,Names
parecer,look
américa,America
definitivamente,definitely
cinta,headband
desea,wants
brazos,arms
asuntos,matters
riesgo,risk
escuché,listen
lugares,places
cuento,story
noticia,News
dígame,tell me
decirlo,say it
tonterías,crap
sentimientos,feelings
objetivo,objective
pasada,pass
arreglar,arrange
casado,married
bote,boat
roja,Red
leyes,Laws
millón,million
árbol,tree
hable,I talked
proyecto,Project
nervioso,highly strung
lana,wool
salido,stepped out
pedazo,piece
malas,bad
joder,fuck
humana,human
absolutamente,absolutely
evitar,avoid
corriendo,in a hurry
bala,bullet
vosotros,you
despues,later
debido,due
confianza,confidence
especialmente,especially
intenta,Try
pequeños,little ones
paga,pay
ganado,livestock
ama,Love
limpio,cleansed
comenzar,begin
ángeles,angels
robots,Robots
lleve,I carried
ruido,noise
preocupe,worry
belleza,beauty
salgan,come out
come,eat
verá,You will see
deberían,They should
líder,Leader
preguntar,to ask
inocente,innocent
lástima,pity
red,net
enfermedad,illness
desgraciado,unfortunate
harán,They will do
dientes,teeth
maté,mate
central,central
ponte,put
felices,Happy
supe,I knew
haberte,have you
marcha,March
poderes,powers
hubieras,You would have
justicia,Justice
bella,beautiful
dé,of
proteger,to protect
cabello,hair
pedido,order
oscuro,Dark
embarazada,pregnant
costa,coast
dama,lady
alguno,some
orgulloso,proud
vos,you
tomado,taken
digamos,Let's say
debió,had
gana,Win
cura,healing
lengua,language
araña,spider
podré,I will be able
voluntad,Will
total,total
dedo,finger
pago,payment
agradezco,I appreciate
partir,leave
lucha,struggle
leche,milk
diste,you gave
copa,Cup
quedarte,stay
seguros,Insurance
destruir,destroy
bienvenidos,Welcome
llevan,They carry
ponga,Put
lados,sides
acceso,access
intentar,attempt
trajo,He brought
desastre,disaster
deber,have to
herida,wound
débil,weak
naturaleza,nature
luchar,struggle
extraña,strange
encontraste,by contrast
vieron,They saw
llámame,call me
imagen,image
pan,bread
refieres,You mean
clientes,customers
varios,several
show,Show
auxilio,help
oyes,you hear
siguen,They continue
sentado,seated
saliendo,coming out
responsable,responsible
olvidado,forgotten
quedó,It was
permite,It allows
aquella,that
puse,I put
sonido,sound
quiso,He wanted
escrito,written
carro,car
preciosa,precious
muestra,sample
bastardo,bastard
restaurante,restaurant
huevos,eggs
fantasma,ghost
mismos,same
profesional,professional
amas,You love
entero,whole
películas,films
cerrado,closed
dedos,fingers
sigan,Follow
dueño,owner
cuchillo,knife
turno,turn
tormenta,storm
caray,Wow
abierto,open
quede,remain
verdadera,True
mato,mato
doc,doc
playa,beach
km,km
victoria,victory
primo,cousin
oíste,did you hear
lisa,smooth
interior,inside
hechos,facts
piedra,stone
jodido,fucking
militar,military
computadora,computer
encantaría,I would enchant
siga,Follow
silla,chair
movimiento,movement
momentos,Moments
familiar,family
apartamento,apartment
disparar,shoot
tesoro,treasure
perfecta,Perfect
refiero,I mean
motivo,reason
dará,give to
nuevas,new
mr,Mr
querer,want
matarlo,kill him
valiente,brave
víctima,victim
tendrán,They will have
estúpida,stupid
envió,Shipping
encantado,delighted
diario,daily
abran,open
sentí,I felt
autobús,bus
traído,brought
casas,houses
apúrate,hurry up
encuentras,You find
descanso,break
sheriff,Sheriff
mueve,move
inglaterra,England
quieto,still
matarte,kill you
calles,streets
tamaño,size
colegio,college
usando,wearing
cabo,cape
video,video
toques,Touches
pelota,ball
yendo,going
directo,straight
termine,I finished
vivos,alive
sombrero,hat
tomé,take
estudio,study
grave,serious
protección,protection
secretos,Secrets
perdiendo,losing
pecho,chest
sepas,know
enferma,ill
cuesta,cost
negros,Blacks
estrellas,stars
lago,lake
clases,lessons
obviamente,obviously
inmediato,immediate
modos,Modes
irás,you will go
robo,Stole
mataré,I will kill
seria,would be
apoyo,support for
cerrar,to close
imagino,I imagine
amenaza,threat
toque,I touched
saca,pulls out
viernes,Friday
hayan,have
roto,broken
piloto,pilot
marca,brand
combate,combat
hablé,I talked
manejar,handle
sección,section
profundo,deep
tantos,so many
conocía,I knew
serie,Serie
contrato,contract
americano,American
paseo,walk
aviones,planes
balas,bullets
repente,Suddenly
cambia,Change
tropas,troops
llevará,carry
uso,use
pudiste,You could
detener,having
sabia,I knew
llegué,I arrived
negra,Black
decidido,decided
comienza,begins
distancia,distance
éramos,We were
murieron,They died
averiguar,figure out
actuar,Act
quedo,I remain
pulso,pulse
aguanta,hold
oficiales,Officers
llamaba,I called
enemigos,enemies
saldrá,It will come out
preocupado,concerned
elección,choice
sobrevivir,survive
bordo,board
sujeto,subject
pacientes,patients
disculpen,excuse me
época,epoch
entró,I enter
pesar,to weigh
habló,speak
vender,sell
piensan,They think
ex,ex
gratis,free
desapareció,He disappeared
empleo,job
llamé,I called
conocen,They know
cerdo,pork
puedan,can
comprendo,understand
tomo,I take
termina,ends
aléjate,get away
busco,I search
contento,glad
date,Date
tumba,grave
huellas,footprints
cuerpos,bodies
absoluto,absolute
pide,asks
dura,hard
descansar,rest
respuestas,answers
propiedad,property
llamando,calling
dormido,asleep
castillo,castle
china,China
datos,data
torre,tower
robar,Steal
americanos,American people
malos,bad
botella,bottle
aquellos,those
últimamente,lately
testigo,witness
presento,I present
periódico,Newspaper
juez,judge
historias,stories
gustaba,liked
créeme,trust me
necesitar,need
esquina,corner
millas,miles
llamadas,calls
fuente,font
conocemos,We know
techo,the ceiling
genio,genius
alerta,alert
ideas,Ideas
tomas,Takes
olvidar,forget
menor,minor
droga,drug
explicar,explain
abierta,open
privado,private
miembros,members
nacional,national
gustó,taste
discutir,argue
evidencia,evidence
detalles,details
tardes,afternoon
tomaré,I will take
presente,Present
criminal,criminal
premio,reward
vuelvas,come back
siéntese,sit down
viniste,did you come
recibir,to receive
mires,look
teniendo,having
huele,smells
hables,You speak
guardias,guards
enamorado,loved
cuidar,look after
pocos,few
perdone,Forgive
natural,natural
caballos,horses
escucho,I'm listening
enfermera,nurse
ángel,Angel
sospechoso,suspicious
local,local
mentiras,lies
camisa,T-shirt
confía,Trust
aceptar,to accept
venganza,revenge
perdimos,We lost
cuantos,many
parque,park
juegos,games
vives,do you live
varias,several
harías,You would do
menudo,often
déjenme,leave me
barrio,neighborhood
virus,virus
talento,talent
ministro,Minister
hiciera,made
robó,theft
conocerte,know you
viviendo,living
responsabilidad,responsibility
respira,Breathe
números,numbers
pertenece,It belongs
desayuno,breakfast
campeón,champion
controlar,check
maría,Maria
nieve,snow
méxico,Mexico
dias,days
vergüenza,shame
doctora,doctor
blancos,White
fumar,to smoke
llevamos,we carry
Europa,Europe
dudo,I doubt
pastel,pie
quedas,You stay
cae,falls off
vimos,we saw
recibido,received
andando,walking
agentes,Agents
fueras,You were
asustado,afraid
perdóname,forgive me
reino,kingdom
clave,key code
papeles,papers
matando,killing
efecto,effect
plata,silver
olvidé,forgot
iban,were going
universo,universe
política,politics
almuerzo,lunch
magia,Magic
lluvia,rain
humor,humor
autos,cars
veía,I saw
tantas,many
respirar,breathe
cantar,sing
trabajas,you work
disparo,Shooting
conversación,conversation
olor,smell
asesinos,murderers
muchacha,girl
modelo,model
curso,grade
canal,channel
rock,rock
llorar,mourn
borracho,drunk
regresen,Return
váyanse,Go
sentía,I felt
resultado,result
parado,stopped
olvides,Forget
inútil,Useless
acabas,You finish
ciencia,science
perdiste,you lost
sociedad,society
regrese,I am back
camioneta,van
coño,cone
revista,magazine
pareció,it seemed
montaña,mountain
maravillosa,wonderful
dejarlo,leave it
máximo,maximum
echar,throw
corriente,stream
escuchando,listening
disculpas,apologies
cadáver,corpse
seguimos,We continue
ron,Ron
espectáculo,show
mundial,world
francia,France
decirles,tell them
aspecto,appearance
presencia,presence
famoso,famous
corto,short
relájate,just relax
poderoso,powerful
recuerdos,regards
llego,arrived
carretera,highway
pasé,happens
oigo,I hear
esperamos,we wait
escuchado,listened
cable,cable
rosa,rose
bola,ball
oferta,offer
intentarlo,try
habido,There have been
continuar,continue
ladrón,thief
humanidad,humanity
estómago,stomach
entera,whole
contó,told
poniendo,putting up
mercado,market
granja,farm
idiotas,idiots
hablemos,let's talk
estudiante,student
siglo,century
relaciones,relations
nosotras,we
miembro,member
fortuna,fortune
libres,free
acciones,Actions
esperas,You expect
suficientemente,enough
llevaron,They carried
ocurrido,happened
andar,walk
perfectamente,perfectly
pasan,pass
jardín,yard
cola,tail
resultados,results
francés,French
troya,Troy
tercera,third
entrenamiento,training
azúcar,sugar
metido,involved
ayudarlo,Help him
diles,Tell them
coger,take
lunes,Monday
ey,Hey
intención,intention
volviendo,getting back
efectivo,cash
salgamos,let's go out
preguntaba,I asked
olvida,Forget
helicóptero,helicopter
fuertes,powerful
encantador,charming
original,original
cadena,string
tarea,task
dispara,shoot
corta,short
compañeros,companions
cirugía,surgery
quítate,Remove
querían,They wanted
precioso,beautiful
lord,lord
comenzó,started
truco,trick
inspector,inspector
enojado,annoyed
felicidades,Congratulations
desaparecido,missing
acto,act
pollo,chicken
chocolate,chocolate
adonde,where to
resulta,result
merece,deserves
gas,gas
examen,test
vean,See
tonta,silly
importantes,important
apuesta,bet
directamente,directly
recuperar,retrieve
pongo,I put
llegaron,They arrived
cobarde,coward
cantidad,amount
sucio,dirty
habia,there were
emperador,emperor
mono,bow
encontraremos,We will find
disparen,shoot
gloria,glory
contrario,contrary
socorro,Help
sir,sir
escaleras,ladders
pasos,Steps
nuevamente,again
derechos,Rights
obtener,get
guste,Like
búsqueda,search
helado,frozen
fútbol,football
sexual,sexual
polvo,dust
aseguro,I assure
rostro,face
robado,Stolen
policia,police
empresa,business
escuchas,You listen
pones,You put
lárgate,Get out
interés,interest
discúlpeme,excuse me
dejaron,They left
tengamos,let's have
firma,signature
llevaba,I had
llegas,you arrive
cristo,Christ
tercer,third
senador,senator
continúa,keep going
gracia,Grace
cien,one hundred
des,des
tratado,treaty
razones,reasons
caminando,walking
urgencias,Emergency
u,or
esperan,are waiting
muñeca,wrist
firme,sign
duerme,sleep
ambulancia,ambulance
limpia,clean
habéis,You have
flota,fleet
leyenda,legend
encuentre,Find
fué,it was
romper,break
muriendo,dying
encontrarlo,find him
rescate,bailing out
quedado,left
enfrente,in front
comienzo,beginning
árboles,trees
queso,cheese
favorito,Favourite
haberme,have
frontera,border
creemos,We believe
colega,colleague
jueves,Thursday
alemanes,Germans
sábado,Saturday
limpiar,clean up
puto,fucking
poquito,a little
cientos,hundreds
muero,I die
irak,Iraq
inteligencia,intelligence
funcionar,function
felicitaciones,Congratulations
escapó,escaped
criatura,creature
milagro,miracle
deprisa,fast
especiales,special
campamento,camp
responde,reply
escuchaste,you listened
debiste,You owed
adios,goodbye
viven,they live
recoger,pick up
preguntarte,ask you
compras,shopping
cansada,Tired
elegir,to choose
cáncer,cancer
servir,serve
pata,paw
huir,run away
útil,Useful
grados,degrees
atacar,attack
recién,newly
querría,I would want
guapo,Handsome
alcance,scope
dejame,let me
quedamos,we stay
llegará,reach
seremos,We will be
desierto,desert
licencia,license
trató,deal
proceso,process
llevado,carried
durmiendo,sleeping
tensión,strain
martes,Tuesday
kilómetros,kilometres
cartera,purse
tráfico,traffic
guarda,guard
impresionante,Awesome
víctimas,victims
ricos,rich
primeros,first
dejamos,We leave
tomen,Take
iguales,equal
domingo,Sunday
crear,to create
quedará,It will remain
pérdida,loss
extra,extra
fuese,It was
confío,I trust
sabido,known
análisis,analysis
llegaste,you arrived
fría,cold
violencia,violence
mate,mate
lobo,wolf
discurso,speech
actor,actor
orgullo,pride
odia,hates
libras,pounds
alli,there
agencia,agency
vuelvan,Return
necesidad,need
naves,ships
descubrir,discover
tira,strip
resolver,solve
pondré,I will put
volando,flying
pensamos,We think
míos,mine
errores,mistakes
celular,cell phone
cuantas,how many
verlos,see them
ayudarle,help you
meter,to put
hablaré,I'll talk
ésto,this
buscas,You are looking for
equivocada,wrong
dejan,leave
vacío,empty
trabajaba,I worked
salón,living room
motor,engine
conducir,ride
compré,I bought
quizas,maybe
den,den
cerrada,closed
cortar,cut
crea,creates
sera,it will be
mueva,move
hazme,Make me
bravo,Bravo
pregunté,I asked for
promesa,promise
espejo,mirror
dígale,Tell him
sienta,Feel
médicos,doctors
cero,zero
escribió,wrote
volveremos,we will be back
unidades,units
cheque,check
consigue,get
antiguo,ancient
regla,rule
pesadilla,nightmare
enviar,Send
podías,You could
llevarte,Take you
entrenador,coach
cuida,takes care
paciencia,patience
dilo,say it
levanta,Raise
complicado,complicated
superior,higher
sugiero,I suggest
familias,families
dirá,will tell
pienses,think
temporada,season
suelta,loose
corran,They run
propios,own
feo,ugly
dispuesto,ready
ayúdenme,help me
teoría,theory
salvaje,wild
negativo,negative
íbamos,we were going
hubieran,there would be
tripulación,crew
taza,Bowl
perdida,loss
vinieron,They came
ponen,They put
pasamos,we passed
parecido,similar
acepto,I agree
gay,gay
señoras,ladies
quedaré,I will stay
parada,stop
niñas,Girls
conseguí,I got
acabamos,we finish
normalmente,usually
muchísimo,very much
bruja,witch
vegas,Vegas
tuvieron,They had
traigo,I bring
matará,will kill
funeral,funeral
conseguiste,You got
teatro,theater
medianoche,midnight
biblioteca,library
estemos,let's
túnel,tunnel
encargo,charge
aparece,appear
testigos,Witnesses
pensó,thought
fueran,They were
fantasmas,Ghosts
correo,mail
vuestro,your
piscina,swimming pool
paquete,package
copia,copy
suicidio,suicide
crédito,credit
consigo,with him
vuestra,your
rara,weird
legal,legal
hablaremos,we will talk
cambió,change
solas,alone
salimos,we went out
ganador,winner
estudiantes,students
despierto,awake
pare,stop
invitado,guest
guía,guide
oso,bear
leí,I read
explosión,burst
dejarme,Leave me
chino,Chinese
sorprende,surprise
sistemas,systems
nación,nation
entienden,they understand
arena,sand
mentiroso,liar
hablaba,she spoke
veas,go to S
pura,Pure
asesinado,murdered
mintiendo,lying
casos,cases
vehículo,vehicle
rata,rat
importancia,importance
distinto,distinct
pintura,paint
intenté,I tried
conciencia,awareness
miras,you look
máquinas,Machines
traeré,I'll bring
revisar,check
veinte,twenty
seres,Beings
hablarle,Talk to him
disco,disk
transporte,transportation
mina,mine
labios,lips
señoría,lordship
llamamos,We call
doce,twelve o'clock
cuídate,take care of yourself
pasillo,hallway
tele,TV
podria,could
completa,complete
rápida,fast
precisamente,precisely
llamaste,called
cumplir,comply
servicios,services
señales,signals
acaban,they finished
suéltame,Let go
hablarte,Talk to you
traté,I tried
pescado,fish
huesos,bones
daría,would give
compra,purchase
trajiste,You brought
templo,temple
placa,license plate
posibilidades,odds
ira,gonna
vengas,You come
siguiendo,Following
podrán,will be able
llamarme,Call me
cierta,true
permitir,allow
condiciones,conditions
atrapar,catch
temperatura,temperature
explicación,Explanation
enviado,send
contado,Cash
asistente,attendee
imperio,empire
pidiendo,asking
notas,grades
curioso,curious
operaciones,operations
mantén,Keep
tierras,land
creas,You believe
pez,fish
morirá,will die
visión,vision
montañas,mountains
comido,Eaten
construir,build up
comunidad,community
verán,You will see
pierde,misses
piense,Think
felicidad,happiness
diversión,fun
salvó,except
quita,remove
museo,museum
disparó,Shooting
desearía,I would like
misterio,mystery
buscamos,We are looking for
aviso,warning
almirante,admiral
solución,solution
pequeñas,little
faltan,missing
existen,exist
combustible,gas
leído,read
tirar,throw
responder,answer
esfuerzo,effort
vuelves,You come back
pájaro,bird
hermanas,sisters
guerrero,Warrior
esposas,wives
coma,eat
abra,Open
traes,You bring
sientas,You feel
olvide,I forgot
bolsillo,pocket
heridas,wounds
saco,coat
gasolina,gasoline
conexión,Connection
correcta,correct
pedazos,pieces
líneas,lines
estarías,You would be
convierte,Convert
ayudará,help to
rumbo,course
rompió,broke
muera,die
mia,mine
material,material
diamantes,Diamonds
rápidamente,quickly
mírate,look to you
fecha,date
escritorio,desk
digan,say
registro,Registration
maten,kill
incendio,fire
deme,give me
sois,you are
pensamientos,thoughts
dímelo,tell me
comiendo,eating
aparte,besides
asesinatos,murders
lección,lesson
algun,some
abrigo,coat
tratamiento,treatment
julio,July
pene,penis
conejo,rabbit
suceder,happen
ruta,route
ciego,blind
asqueroso,nasty
súper,super
prisionero,prisoner
odie,hate
ocupada,busy
llevarlo,carry it
empezamos,We start
estuvimos,We were
decírselo,Tell him
honesto,honest
entrevista,interview
antigua,ancient
amante,lover
humo,smoke
gustas,Like
condado,county
conseguido,achieved
viajar,to travel
sombra,shade
sabrá,will know
refiere,refers
lío,mess
estáis,You are
entrega,delivery
drácula,Dracula
compartir,to share
volvamos,let's go back
sonrisa,smile
sencillo,easy
atrapado,caught
aburrido,bored
pocas,few
pensaste,Thought
dragón,dragon
volví,I returned
planta,plant
clima,climate
adoro,I like
suave,smooth
ruso,Russian
rodillas,knees
marina,Marine
bolso,handbag
alarma,alarm
vivía,she lived
quédese,Stay
recompensa,reward
juega,play
cigarrillo,cigarette
autoridad,authority
amigas,friends
agujero,hole
acabe,Finish
sacaste,You took out
orgullosa,proud
entendí,understood
dijera,Say
sótano,basement
paredes,walls
guapa,beautiful
iría,would go
imaginar,To imagine
fiebre,fever
déjala,leave her
botón,button
preguntarle,ask him
leyendo,Reading
darles,give them
uniforme,uniform
dulces,sweet
vaso,glass
documentos,Documents
ruego,I beg
maneras,ways
invitados,guests
cómodo,comfortable
ayudarnos,Help us
visitar,visit
vigilancia,surveillance
nadar,to swim
altura,height
todavia,yet
preparados,prepared
cuáles,which
mover,move
jugador,player
izquierdo,left
tecnología,technology
raza,race
conocerlo,know him
conde,count
social,Social
gobernador,governor
coge,Take
cubierta,deck
chiste,joke
celda,cell
agarra,grabs
secreta,Secret
personalmente,personally
amistad,friendship
amaba,I loved
nació,was born
interesado,interested
intentado,tried
educación,education
curiosidad,curiosity
buscan,looking for
repito,I repeat
pecado,sin
mortal,mortal
manda,Send
claramente,clearly
vía,via
juntas,together
identificación,ID
dirige,directs
declaración,statement
alemán,German
tontos,Fools
mantiene,maintains
bestia,beast
veneno,poison
vecinos,neighbours
supiera,knew
quieran,want
salgo,I go out
propias,own
privada,private
jurado,jury
golpes,hits
usan,use
metas,goals
garganta,throat
invierno,winter
fila,row
miel,honey
traigan,bring
sucedido,happened
tranquilos,quiet
madera,wood
burro,donkey
artista,artist
pobres,poor
impresión,Print
ganó,won
cruzar,Cross
cigarrillos,cigarettes
ó,either
llevarme,Take me
grial,Grail
chaqueta,jacket
alcalde,mayor
vueltas,rounds
usado,used
reputación,reputation
pongas,Put
oxígeno,oxygen
cajas,boxes
preocupada,worried
matan,They kill
empezando,starting
cabezas,Heads
ponerme,put myself
experto,expert
océano,ocean
maestra,teacher
pieza,part
cargos,charges
bombas,Pumps
alcohol,alcohol
trataba,I treated
salen,They leave
pizza,Pizza
recibí,I received
junta,meeting
criaturas,creatures
apareció,showed up
actitud,attitude
gira,tour
cristal,crystal
encuentran,find
dejarte,leave you
caído,fallen
ultima,Last
sensación,sensation
seguido,Following
puro,pure
whisky,whiskey
vernos,see us
pantalla,screen
bebida,beverage
estudiar,to study
ducha,shower
despedido,fired
consiguió,got
venía,came
pagan,pay
discúlpame,forgive me
artículo,Article
aparentemente,apparently
ambas,both
trauma,trauma
pusieron,They put
fiestas,parties
contesta,answers
contenta,happy
ambiente,ambient
prometí,I promised
llegando,arriving
mostraré,I'll show
deba,Deba
berlín,Berlin
nerviosa,nervous
hallar,find
dudas,Doubts
llegan,They arrive
instrucciones,instructions
baje,Lower
vinimos,We came
ritmo,swing
quédense,Stay
suponía,supposed
pistas,tracks
palacio,palace
encontraré,I'll find
venta,sale
urgente,urgent
tomamos,we take
salí,I left
cuerda,string
vendría,It would come
pasaba,passed
instante,instant
almas,souls
suficientes,enough
secundaria,secondary
saltar,skip
queria,wanted
quedarnos,stay
molesto,upset
colina,hill
porquería,filth
sienten,They feel
pondrá,will put
terroristas,Terrorists
empecé,I started
pongan,Put
moto,motorcycle
opinas,You think
habilidad,ability
entren,enter
descubierto,discovered
convertido,converted
asegúrate,Make sure
quedé,I stayed
kilos,kilos
florida,Florida
tomará,it will take
sufrir,suffer
mental,mental
lograr,achieve
instituto,Institute
serlo,be
rapido,Quick
plato,dish
llorando,crying
vd,you
váyase,Go away
sucediendo,happening
robaron,They stole
alemania,Germany
bolas,balls
pasaría,It would happen
ocurra,occur
ilegal,illegal
fresco,cool
falso,fake
abogados,Lawyers
tómalo,take it
mandó,I send
cuán,how
cuales,which
botas,boots
tiburones,Sharks
grado,degree
deseas,you want
archivos,records
adivina,guess
cruz,cross
campaña,campaign
asustada,scared
centavos,cents
vivimos,We live
galletas,biscuits
frecuencia,frequency
daños,damage
minas,Mines
emociones,emotions
dejará,will leave
regresó,Return
ratas,rats
pasión,passion
hacerse,to be made
comportamiento,behaviour
pense,I thought
conocimiento,knowledge
sales,you go out
fiscal,fiscal
decisiones,decisions
criminales,criminals
cámaras,cameras
amanecer,sunrise
convirtió,converted
aldea,village
abandonar,Leave
obvio,obvious
habíamos,We had
apesta,stinks
abandonado,abandoned
volverás,you will come back
preocuparse,to worry
favorita,Favorite
lanzamiento,launch
difíciles,difficult
vivido,vivid
roca,stone
peces,fishes
maravilla,Wonderful
espacial,space
conductor,driver
camarada,comrade
trabajado,worked up
caramba,Caramba
sopa,Soup
numero,number
gritar,shout
envía,Send
casino,casino
alteza,high King
identidad,identity
cambios,changes
guardar,save
gatos,cats
gané,I win
arresto,arrest
éstas,these
preguntó,I ask
éstos,these
probable,probable
seamos,Let's be
importaría,mind to
firmar,sign
federal,federal
caras,faces
trabajos,jobs
hagámoslo,Let's do it
expediente,proceedings
tigre,tiger
intentó,tried
harto,Fed up
decidir,to decide
periódicos,newspapers
casarse,get marry
lento,slow
hecha,made
daba,gave
ponerte,put on
pelotas,balls
monstruos,Monsters
cruel,cruel
señoritas,Ladies
gigante,giant
siglos,centuries
escalera,ladder
incidente,incident
escenario,scenery
dirás,You will say
ciertas,true
casar,marry
llamen,call
biblia,Bible
reporte,report
moda,fashion
casada,married
reacción,reaction
falla,failure
castigo,punishment
fácilmente,easily
caza,hunt
magnífico,magnificent
decidí,I decided
camina,Walk
superficie,surface
procedimiento,process
condición,condition
asalto,assault
virgen,virgin
verle,see him
conocimos,We met
quitar,put off
tratas,You treat
noble,noble
hierba,herb
excelencia,excellence
asco,disgust
título,title
regresaré,I'll be back
ejercicio,exercise
pasaporte,passport
extraños,strangers
ciento,hundred
afortunado,lucky
sacó,coat
irán,Iran
sacerdote,priest
pedirle,Ask for him
impuestos,taxes
crisis,crisis
aventura,adventure
puestos,Posts
pánico,panic
llames,You call
ladrones,burglars
enseñó,I teach
logramos,We achieved
estuvieron,They were
últimas,Last
página,page
metro,meter
alla,there
pudieron,could
mostrar,to show
escribe,write
ventaja,advantage
enamorada,in love
gorda,fat woman
vendrán,They will come
paren,Paren
piedras,stones
pesado,heavy
despertar,wake up
pierdes,You lose
jesucristo,Jesus Christ
damos,we give
treinta,thirty
recuerde,Remember
capacidad,ability
soportar,put up with
senado,senate
decidió,He decided
prepárense,Prepare
asusta,scares
aquello,that
aguantar,endure
aprendí,I learned
tenéis,you have
parezca,It seems
alegría,happiness
territorio,territory
física,physical
escape,exhaust
tomes,Take
excusa,excuse
estudios,studies
septiembre,September
personaje,character
fábrica,factory
elegido,chosen one
cole,school
tanque,tank
salta,Salta
hablaste,You spoke
conferencia,conference
compromiso,commitment
ayudaré,I'll help
salieron,They left
rusos,Russians
parezco,I look like
llevando,wearing
exterior,Exterior
punta,tip
ponerse,to put on
pasen,pass
puerto,port
decírtelo,tell you
caro,expensive
asombroso,amazing
pasara,it will happen
matarán,They will kill
maleta,bag
competencia,competition
canciones,songs
cinturón,belt
papas,potatoes
marco,framework
destrucción,destruction
paraíso,paradise
meta,goal
alternativa,alternative
socios,partners
alas,at
ocasión,chance
casarme,get married
salsa,sauce
romano,Roman
prisioneros,Prisoners
encantan,They love
encantadora,lovely
comercial,commercial
primavera,spring
metió,put
volvemos,We return
mandar,send
luce,Luce
sagrado,sacred
nacido,born
fabuloso,fabulous
echo,threw out
desaparecer,vanish
potencia,power
adn,DNA
traiga,Bring
permítame,let me
mayores,greater
regalos,gifts
pusiste,You put
peligrosa,dangerous
militares,military
jodida,fucking
coincidencia,coincidence
bandera,flag
adivinar,guess
tubo,tube
partida,departure
opciones,options
llamaron,They called
hombro,shoulder
vampiros,Vampires
sabían,They knew
recibió,He received
jugadores,players
celebrar,celebrate
armario,wardrobe
tetas,tits
paliza,beating
sabor,taste
míralo,Look
lata,can
héroes,heroes
serpiente,snake
escribí,I wrote
comité,committee
bendiga,Bless
terminé,I finished
oyó,or me
imaginación,imagination
funcionó,it worked
bello,beautiful
hígado,liver
cierre,closing
cabina,cabin
queríamos,We wanted
pasas,raisins
mantente,Stay
japón,Japan
deseos,wishes
cuéntame,Tell me
rastro,trace
compró,I buy
anterior,previous
acero,steel
desnudo,naked
comisario,commissar
refuerzos,reinforcement
preparar,set up
perdidos,Lost
pagaré,I will pay
huevo,egg
entrando,entering
armada,navy
trate,Treat
supo,he knew
bromeas,JOKE
verdaderamente,truly
miro,I look
límite,limit
esperemos,let's hope
sacado,taken out
diamante,Diamond
secuestro,kidnapping
casco,helmet
ayudó,helped
nene,baby
marcas,brands
pudieras,You could
poca,little
jugo,juice
heridos,wounded
congreso,congress
cementerio,graveyard
prostituta,prostitute
desaparece,disappears
consecuencias,impact
terreno,land
salvado,saved
mueren,They die
igualmente,you too
ganamos,we won
circunstancias,circumstances
trabajamos,we work
amén,Amen
funcionando,working
personalidad,personality
muro,Wall
contestar,answer
razon,reason
peores,Worst
particular,particular
llévame,ride me
gimnasio,Gym
emocionante,exciting
desgracia,misfortune
científico,scientific
buscado,wanted
terapia,therapy
prepara,prepare
patrulla,patrol
globo,balloon
despejado,clear
creado,created
aprendido,learned
nací,I was born
embajador,ambassador
barcos,boats
posiblemente,possibly
malvado,evil
dormitorio,bedroom
despacho,office
desagradable,unpleasant
viniendo,coming
recibo,receipt
nuclear,nuclear
mensajes,messages
mantengan,Keep
ultimo,latest
autoridades,authorities
quedes,remain
pasaron,They passed
gano,won
ayudo,helped
aprecio,appreciation
sentimiento,feeling
popular,popular
extrañas,foreign
detenerlo,stop it
civiles,civilians
tontería,nuisance
reyes,Kings
americana,American
vuelven,They come back
ventanas,windows
tiburón,shark
peleas,fights
organización,organization
ayudarla,help her
tuvieras,You had
querrás,you will want
querrá,will want
infección,infection
decente,decent
logrado,accomplished
jersey,sweater
amar,to love
equipos,equipment
canta,sings
bebés,you drink
pozo,well
india,India
esperado,expected
enseñar,to teach
darnos,give us
tomaste,do you drink tea
internet,Internet
habilidades,skills
encanto,charm
dispararon,They shot
comprendes,You understand
áfrica,Africa
adorable,adorable
rica,delicious
llegaremos,we will arrive
reales,real
mismas,same
medios,media
marihuana,dope
traidor,traitor
funcione,function
clínica,clinic
preferiría,I'd prefer
podían,They could
olvidó,I forget
entramos,we enter
ejercito,army
división,division
sector,sector
perdedor,loser
patrón,Pattern
encontrará,will find
crema,cream
planeado,planned
mantenga,keep up
juguete,toy
técnica,technique
nacimiento,birth
esperaré,I will wait
termino,term
matas,Matas
entrado,Enter
destruido,destroyed
daremos,We will give
circo,circus
ascensor,lift
aca,here
investigar,research
encuentren,find
archivo,"File, Archive"
salve,Hail
presentar,introduce
logro,achievement
intentas,You try
encargaré,I will commission
armado,armed
apuestas,Bets
arrestado,arrested
unión,Union
permanecer,stay
muéstrame,show me
móvil,mobile
dificil,hard
casados,married
cañón,Canyon
tribunal,court
sepan,Know
satélite,satelite
recuerden,Remember
intentaré,I will try
falsa,false
coca,Coke
símbolo,symbol
rocas,Rocks
putas,whores
pendejo,stupid
mátalo,Keep it
judío,Jewish
estando,being
subtítulos,Subtitle
gritando,Screaming
dejemos,Let's leave
científicos,scientists
bebiendo,Drinking
saque,take out
metal,metal
golf,Golf
empiece,Start
defender,defend
crecer,growing up
rota,broken
sentimos,We feel
guerreros,Warriors
echa,Echa
comunicación,communication
probado,tried
pensarlo,Think about it
háblame,tell me
detenido,stopped
sabría,would know
muertes,deaths
movimientos,Movements
prohibido,forbidden
pájaros,Birds
cargar,carry
podíamos,we could
junior,junior
imágenes,images
haberse,have
acusado,accused
peleando,fighting
lealtad,loyalty
considera,considers
cazador,Hunter
buscarlo,Look for it
apaga,turns off
objeto,object
sofá,sofa
personales,personal
homicidio,homicide
electricidad,electricity
advertencia,caveat
rumores,Rumors
mentir,to lie
fíjate,notice
deuda,debt
celoso,jealous
bicicleta,bike
azules,Blue
visitas,Visits
mejorar,to improve
escudo,shield
cueva,cave
aérea,Aerial
levantar,get up
juguetes,toys
ciertamente,certainly
bajen,Go down
temas,topics
pedirte,Ask for you
elegante,Elegant
divorcio,divorce
depósito,Deposit
concierto,concert
calla,shut up
transmisión,transmission
mataría,I would kill
flor,flower
viejas,old
trabajan,they work
onda,vibe
saldremos,We will go out
preguntado,asked
aliento,breath
academia,academy
sonar,Dream
recibe,receives
patio,yard
función,function
conduce,she drives
pregúntale,ask her
palo,stick
internacional,international
hueso,bone
esclavos,slaves
versión,version
sacrificio,sacrifice
judíos,Jews
increible,amazing
fotografía,Photography
delicioso,delicious
crímenes,crimes
zorra,fox
valle,Valley
llevaremos,We will carry
lentamente,slowly
encantada,nice to meet you
arreglo,arrangement
volvería,I would come back
logró,achievement
romántico,Romantic
preocuparte,worry
olvido,forgot
fascinante,fascinating
cuadro,frame
creyó,He believed
adultos,Adults
wow,wow
sobrino,nephew
secuencia,sequence
lleven,Take
huh,HUH
entradas,tickets
decirnos,Tell us
resistencia,endurance
llamarlo,call him
ayudas,Aid
disponible,available
civil,civil
caos,chaos
velas,candles
tenerlo,have it
ponerle,put
muestras,samples
lógica,logic
casualidad,chance
sigamos,let's keep going
rayo,ray
pato,duck
pagado,paid out
máscara,mask
gustado,liked
buscarte,look for you
selva,jungle
pm,p.m
equivoqué,I was wrong
condenado,condemned
cometido,task
tratan,They treat
pudimos,we could
preguntando,asking
tragedia,tragedy
poli,cop
compañías,Companies
charla,chat
mete,put
malditas,Damn
campos,fields
cadáveres,corpses
básicamente,basically
vamonos,Let's go
trucos,tricks
preparada,prepared
funcionará,it will work
conté,I counted
contando,counting
construcción,building
ciudadanos,Citizens
agarrar,grab
infeliz,unhappy
francesa,French
explica,Explain
decide,Decide
vende,sell
rutina,routine
gustar,like
empieces,You start
caída,drop
almorzar,lunch
actividad,exercise
inocentes,innocent
fondos,money
coraje,courage
ayudando,Helping
aterrizar,to land
actuación,performance
suba,Suba
ayudante,assistant
vuela,Flying
vaca,cow
cirujano,surgeon
tio,uncle
olvídate,forget
okay,OK
entregar,deliver
encerrado,locked
rubia,blonde
joyas,jewels
empecemos,let us begin
amado,loved
romanos,Romans
piedad,piety
llamarte,call you
hacían,They did
furia,rage
detalle,detail
admitir,admit
tendrías,You would have
respiración,breathing
prepárate,Get ready
escribiendo,writing
confundido,confused
vigilando,watching
sufrimiento,suffering
saludos,Cheers
robaste,you stole
golpear,beat
garaje,garage
buscaré,I will search
revolución,revolution
motel,motel
buscaba,I was looking for
alianza,alliance
estupidez,stupidity
disparado,shot
sangrando,bleeding out
quietos,still
miserable,miserable
ideal,ideal
empiezo,start
controla,control
prometiste,You promised
heroína,heroin
empezado,started
dámelo,give it to me
vecindario,neighborhood
empleado,employee
conociste,you met
colores,colors
cerebral,cerebral
plástico,plastic
piano,piano
pensamiento,thought
letra,lyrics
empleados,employees
dosis,dose
dólar,dollar
tocado,touched
tíos,uncles
super,super
rifle,rifle
renunciar,give up
incluyendo,including
hoyo,hole
español,Spanish
acepta,you accept
rueda,wheel
municiones,ammunition
ciudades,cities
béisbol,baseball
regresado,returned
pediste,You asked
ja,ha
sesión,session
comprender,understand
tocando,touching
montar,mount
familiares,family
espía,spy
efectos,effects
salto,jump
pagó,payment
impacto,impact
emoción,emotion
disparos,shots
comando,command
autorización,authorization
informes,reports
honestamente,honestly
existencia,existence
demasiada,too much
coches,cars
clara,clear
alcanzar,attain
volviste,You came back
octubre,october
conseguimos,We get
barato,cheap
apostar,bet
requiere,requires
importan,Import
grano,grain
demasiados,too many
casarte,get married
tráeme,bring to me
progreso,progress
odias,you hate
ocurrir,occur
hacías,You did
serías,You would be
secretario,secretary
rusia,Russia
piénsalo,think about it
gatito,little cat
déme,give me
colección,collection
vais,you go
sufrido,suffered
ningun,none
helena,Helena
terror,terror
salva,Save
salgas,You go out
sacarte,get you
lanza,spear
usó,use
quince,fifteen
prometido,fiance
preciso,accurate
pirata,pirate
moral,moral
moneda,currency
haberle,have
estuvieras,You were
dijimos,we said
cayendo,falling down
bajas,low
viniera,came
soñando,ringing
servirá,will serve
moscú,Moscow
mínimo,minimum
hermosas,beautiful
escondido,hidden
demostrar,show
perrito,puppy
intente,Try
habrán,there will be
experimento,experiment
espaldas,backs
diseño,design
barra,bar
anciano,old man
alfombra,rug
actriz,actress
tono,tone
sentarse,feel
remedio,remedy
listas,lists
gris,Gray
enviaron,They sent
entendiste,You understood
disfrutar,to enjoy
contaré,I will count
comen,eat
sentada,sitting
pregunte,I asked for
japonés,Japanese
gritos,Screams
dolares,Dollars
asegurarme,make sure
restos,remains
pierdo,I lose
motivos,reasons
dimos,We gave
campeonato,championship
apúrense,Sign up
unico,unique
reír,laugh
prima,cousin
maricón,fagot
actúa,Act
periodista,journalist
luchando,struggling
estelar,stellar
escritor,writer
encontrarás,you'll find
dejando,Leaving
adecuado,appropriate
terrorista,terrorist
hierro,iron
enterrado,buried
sincero,sincere
representa,It represents
positivo,positive
mereces,You deserve
italia,Italy
fea,ugly
acerques,approaches
petróleo,Petroleum
encargado,duty manager
capítulo,chapter
enseñaré,I will teach
cuentos,stories
breve,brief
atreves,Dare
súbete,get on
sed,thirst
patético,pathetic
mostrarte,show you
doctores,doctors
carácter,character
tuyos,yours
plaza,square
obispo,bishop
necesite,need
muevan,move
involucrado,involved
darán,They will give
ingleses,English
usas,You use
ruedas,wheel
prácticamente,practically
orejas,ears
golpeó,hit
costado,side stand
conducta,conduct
toman,they take
suban,up
médica,Medical
manzana,apple
escuadrón,squadron
reconozco,I recognize
ordenes,Orders
gallina,chicken
cambiando,Changing
borde,edge
ataques,Attacks
actual,current
pecados,sins
invito,I invite
inconsciente,unconscious
bastardos,bastards
abrió,Opened
oyeron,They heard
intentaba,I tried
cuartel,barracks
consciente,aware
tranquilízate,calm down
suyos,his
residencia,home
máxima,maximum
llevarla,carry it
grasa,fat
células,Cells
retrocedan,They go back
recepción,reception
medicinas,medicines
explotar,blow
corona,crown
callate,shut up
calidad,quality
ayúdeme,Help me
asesina,murderess
absurdo,absurd
revés,reverse
producto,product
encontrarla,find it
dj,DJ
descansa,rest
copias,do you copy
apagar,to turn off
profesionales,professionals
práctica,practice
investigando,doing research
francamente,frankly
afganistán,Afghanistan
vecino,neighbour
trozo,piece
tómate,tomatoes
tercero,third
sirven,serving
saquen,take out
manual,Handbook
enciende,Turn on
cercano,near
bailando,dancing
atras,back
usarlo,use it
registros,Records
ponlo,Put it
pasta,pasta
lleguen,arrive
saliste,did you go out
sabrás,You will know
limpieza,cleaning
estadounidense,American
enojada,annoyed
desafortunadamente,unfortunately
conoció,she met
pinta,Pinta
matamos,We kill
funcionan,do they work
cocinar,cook
cima,top
atractivo,attractive
preguntes,you ask
necesitaré,I will need
lleguemos,Let's get
interrumpir,interrupt
haberla,have
apropiado,appropriate
presentimiento,feeling
intentamos,We try
finales,Finals
evitarlo,Avoid it
enviaré,I will send
deporte,sport
bajando,going down
sucia,dirty
recibimos,We received
pastillas,tablets
ceremonia,ceremony
tina,tub
muelle,dock
maletas,Baggage
hijas,daughters
desconocido,unknown
conseguiré,I will get
refugio,shelter
imagina,Imagine
franceses,French
convertirse,become
arruinado,spoiled
vomitar,barf
pasajeros,passengers
normales,normal
disfraz,custom
continúe,Continue
arreglado,fixed up
aprende,Learn
venimos,we come
tenerte,to have you
seguirá,will follow
razonable,reasonable
puesta,put
masaje,massage
lágrimas,tears
gustaria,would like
extranjero,Foreign
dejaremos,We will leave
apellido,surname
alguacil,sheriff
temporal,temporary
rompe,Break
mayo,May
egoísta,selfish
aceite,oil
platos,plates
miércoles,Wednesday
indios,Indians
decimos,We say
bolsas,Bags
anuncio,ad
tirado,thrown
notado,Noted
mutantes,Mutants
imaginas,You imagine
habitaciones,bedrooms
grecia,Greece
entré,Come in
díselo,tell her
césar,cease
comprado,bought
cocaína,cocaine
amarillo,yellow
acabará,It will end
suceda,happen
mentes,minds
maldad,evil
gustará,will like
eliminar,remove
corbata,tie
atrapados,caught up
sabíamos,We knew
merezco,I deserve
medalla,medal
lograste,You achieved
jaula,cage
dió,it gave
chofer,driver
informado,informed
fatal,fatal
enfadado,pissed off
cubierto,covered
compañera,partner
ronda,round
cobra,cobra
cantante,singer
abrazo,hug
tarjetas,cards
sentarme,sit down
refería,I referred
indica,indicates
gravedad,gravity
ganando,winning
estúpidos,stupid
elecciones,elections
collar,necklace
cincuenta,fifty
programas,programs
naturalmente,naturally
embajada,embassy
desayunar,have breakfast
dejaría,I would leave
vigila,Watch
quisieras,You would like
intereses,interests
agárrate,hold on
aéreo,aerial
traición,treason
seguiré,I will continue
salvajes,wild
prefiere,prefers
podéis,you can
mueres,You die
molestar,bother
italiano,Italian
dejarla,leave it
corazones,hearts
averiguarlo,Find out
ave,bird
arreglarlo,fix it
advierto,I warn
vendiendo,selling
pública,public
monje,monk
jugamos,we play
hablarme,Talk to me
escoger,choose
andas,you walk
ví,saw
pico,peak
llevé,I carried
entro,I enter
tenias,You had
priorato,priory
perdemos,we lose
industria,industry
cretino,cretin
cafetería,Cafeteria
cabaña,cabin
aparecer,Appear
tradición,tradition
suelto,loose
publicidad,advertising
pares,peers
oídos,ears
medida,measure
japoneses,Japanese
dieta,diet
capa,layer
vendrás,You will come
sincronizado,synchronized
historial,record
guión,screenplay
enano,dwarf
devolver,return
solitario,lonely
misiles,missiles
desnuda,naked
vaquero,cowboy
únicos,unique
trasera,rear
sano,healthy
piezas,pieces
gerente,manager
caridad,charity
trajeron,They brought
religión,religion
fotografías,Photographs
sentirse,feel
rezar,pray
protege,protects
preparen,Prepare
niñera,baby sister
naranja,orange
matarnos,kill us
jugada,move
espérame,wait for me
enseñarte,teach you
cohete,rocket
tanques,Tanks
sombras,shades
llegara,reach
cortó,short
cierren,close
volverán,They will return
usamos,We use
sabremos,We will know
maletín,briefcase
lenguaje,language
invitación,invitation
cambian,They change
rehenes,hostages
encontremos,let's find
descubrí,I discovered
audiencia,audience
agenda,diary
sígueme,Follow me
sensible,sensitive
reverendo,reverend
queréis,You want
cazar,hunt
bodas,wedding
seguiremos,will follow
rosas,Rosas
retiro,withdrawal
primeras,first
poderosa,powerful
deberia,should
cantando,singing
antiguos,ancient
teme,Fear
síganme,follow me
moviendo,moving
juventud,youth
equivocas,wrong
trabajadores,workers
seguí,I continued
salvaste,You saved
pulmones,lungs
payaso,clown
oírlo,hear it
fama,fame
engaño,cheated
distrito,district
disculparme,apologize
ciudadano,citizen
robando,stealing
equipaje,Baggage
ciencias,sciences
ubicación,Location
federales,Federal
tratamos,We treat
ofrece,offers
junio,June
extremadamente,extremely
actuando,acting
traducción,translation
supiste,You knew
sacarlo,remove it
preparando,preparing
letras,letters
típico,typical
reserva,booking
propuesta,proposal
plataforma,platform
mago,Wizard
linea,line
dude,hesitate
busque,I searched
tabaco,tobacco
principios,beginning
dormida,asleep
costó,cost
causar,cause
temer,fear
subiendo,going up
rollo,roll
hechizo,spell
gusano,worm
guau,wow
grupos,groups
discos,discs
despierte,Wake up
ocurriendo,happening
horario,schedule
expedientes,files
envié,I sent
dibujos,drawings
concurso,contest
autopista,freeway
atacó,attacked
vendedor,seller
sigas,Follow
rebeldes,rebels
radar,Radar
expresión,expression
escuchan,they listen
use,Use
resultó,turned out
principe,the prince
hágalo,Do it
exposición,exposition
demasiadas,too many
cuidando,taking care of
aterrizaje,landing
apetece,You want
tomaron,They took
sorprendente,amazing
responda,Answer
olvidaste,You forgot
lobos,Wolves
echado,lying
deberias,you should
cortado,chopped up
citas,quotes
abiertos,open
zapato,shoe
preso,prisoner
lastimar,hurt
explosivos,Explosives
colegas,colleagues
supieras,You knew
secretaria,Secretary
queridos,Dear
morirás,You will die
cuero,leather
confesión,confession
círculo,circle
sabéis,You know
química,chemistry
obras,plays
llores,cry
juegas,you play
invisible,invisible
fase,phase
esconde,hide
capitan,captain
adulto,adult
vacía,empty
siéntense,Sit
pastor,Shepherd
llegada,arrival
gatillo,trigger
debamos,we must
teléfonos,phones
saqué,I took out
regresará,return
olvidaré,I will forget
límites,boundaries
jovencita,young girl
dibujo,He drew
británico,British
balboa,balboa
psiquiatra,psychiatrist
objetos,objects
negociar,deal
formar,to form
fiel,faithful
diosa,goddess
descubrió,discovered
ala,to
abril,april
saldré,I will go out
mías,mine
disfruta,enjoy
atender,attend
tomaremos,We will take
oreja,ear
necesitaremos,we will need
motores,engines
intenciones,intentions
cumplido,compliment
brindis,toast
villa,town
trono,throne
traen,They bring
sentados,sitting
samurai,samurai
salía,It came out
raras,Rare
producción,production
medias,stockings
lavar,wash
jazz,jazz
extraordinario,extraordinary
causado,caused
serpientes,Snakes
revisa,check out
quedate,stay
nervios,nerves
estable,steady
cerdos,pigs
riesgos,risks
pasaste,You passed
madres,Mothers
instinto,instinct
episodio,episode
empezaron,They started
aniversario,anniversary
viera,see
viajes,trips
trabajé,I worked
rango,range
preocupación,concern
métete,Get
imaginé,I imagined
hayamos,we have
fenómeno,freak
dolores,Dolores
demanda,demand
creó,I think
asegurar,secure
pesadillas,nightmares
niega,denies
molestia,annoyance
extremo,extreme
debilidad,weakness
compasión,compassion
camiones,trucks
aproximadamente,about
afecta,it affects
reconocimiento,recognition
recientemente,Recently
practicar,to practice
pierdas,You lose
pandilla,gang
miss,Miss
mates,math
disparando,shooting up
británicos,British
ayudarlos,Help them
sueldo,salary
siguió,He continued
significado,meaning
miente,lies
medidas,measures
guitarra,guitar
custodia,custody
boletos,tickets
ayudado,helped
sentarte,sit
risa,laughter
quemar,burn down
prometió,promised
observando,observing
lectura,reading
jódete,Get in
considerado,considered
cometer,commit
cambié,I changed
asientos,seating
satisfecho,satisfied
saludable,healthy
lanzar,throw
hoja,sheet
conozca,Know
concepto,concept
colgar,hang
apunta,points
renta,rent
prefieres,You prefer
pediré,I will ask
mediodía,midday
influencia,influence
hacernos,make us
figura,figure
ensayo,trial
coordenadas,coordinates
casó,case
político,political
países,countries
once,eleven
matarlos,kill them
graduación,graduation
frase,phrase
eterna,Eternal
estarlo,Be
descuida,don't worry
toalla,towel
próximos,next
monedas,coins
mirad,Behold
miraba,I looked
griegos,Greeks
famosa,famous
corredor,runner
atravesar,cross
aguas,Waters
modales,manners
guerras,Wars
eternidad,eternity
conocerla,know her
busquen,Search
acuerda,Agree
sentirme,feel
quema,Burning
poema,poem
ordenó,ordered
espiritual,spiritual
costumbre,custom
comencé,I started
cabra,goat
alquiler,rental
vencido,defeated
vela,candle
trataré,I will treat
sospechosos,suspicious
quinto,fifth
pilotos,pilots
perdieron,They lost
generación,generation
formación,training
estructura,structure
concéntrate,Focus
complejo,complex
voces,voices
tragos,drinks
temor,fear
república,republic
recursos,means
presentación,presentation
pirámide,pyramid
oficialmente,officially
maquillaje,make-up
guardaespaldas,bodyguard
escucharme,listen to me
dejara,will leave
contiene,contains
bendición,blessing
vuestros,your
semejante,similar
pague,pay
molestes,bounted
cultura,culture
comió,ate
antecedentes,background
tendríamos,We would have
representante,representative
prestado,borrowed
posesión,possession
oir,hear
nubes,clouds
meterte,get into
guantes,gloves
esperabas,You expected
enseña,Teach
encontrarme,Find me
consejos,tips
regreses,you return
preocupen,worry
pistolas,pistols
gane,I win
sos,sos
niveles,levels
ganaste,Won
considerando,considering
capital,capital
cambie,change
ánimo,cheer up
utilizar,use
lograrlo,achieve it
llévate,Take yourself
gafas,glasses
espíritus,Spirits
preguntaste,Asked
pagará,pay to
maíz,corn
estacionamiento,parking lot
contactos,Contacts
aguja,needle
trenes,trains
soporto,stood
sacaré,I will take out
oido,hearing
fortaleza,fortress
corea,Korea
conversar,to converse
computadoras,computers
cálmese,calm down
volante,steering wheel
sucederá,It will happen
decías,You said
data,data
cuente,Count
civilización,civilization
cabrones,bastards
arruinar,spoil
vampiro,vampire
tocó,touched
regresé,I am back
pases,passes
fantástica,Fantastic
facil,easy
estabamos,We were
diera,give
detenga,stop
violación,violation
hemorragia,hemorrhage
fianza,bail
docena,dozen
centavo,penny
célula,cell
carreras,careers
callado,reserved
rodilla,knee
prometes,You promise
profundamente,deeply
posiciones,positions
hicieras,You did
furioso,furious
desperté,I woke up
comes,you eat
ciega,blind
cicatriz,scar
bebidas,beverages
acércate,approach
tiró,shot
policial,Police
pasear,take a walk
masa,dough
llegues,You arrive
global,global
escapado,I escaped
dinos,tell us
cuarta,quarter
bienes,estate
aparato,apparatus
sostén,support
realizar,realize
permitiré,I will allow
orgullosos,proud
corten,Cut
comisión,commission
vidrio,glass
presa,prey
ocupados,occupied
morfina,morphine
habrían,they would have
columna,column
sacaron,They took out
patas,paws
oírme,Hear me
ocultar,disguise
objeción,objection
maneja,handle
largas,long
generalmente,usually
fuentes,sources
cubrir,cover
ataca,Attack
tenis,tennis
santos,Saints
potencial,potential
plano,flat
levante,I raised
escala,scale
enfrentar,deal
cuánta,How much
sobra,surplus
rumor,rumor
páginas,pages
órganos,organs
león,Lion
entras,You enter
decían,they were saying
chinos,Chinese
brujas,Bruges
barbara,Barbara
admiro,I admire
voto,vote
volvieron,They returned
suelte,release
reto,challenge
metes,put
infarto,heart attack
cuyo,whose
construyó,built
boleto,ticket
besar,kiss
portal,portal
ponemos,We put
monte,mountain
discusión,discussion
digno,worthy
desean,They want
darse,give
considerar,consider
bancos,banks
poción,potion
perdóneme,excuse me
pensabas,You thought
generoso,generous
estatua,statue
convencer,convince
conocida,known
comenzamos,We start
aceptado,accepted
rob,Rob
importar,to import
fracaso,failure
ciertos,some
bomberos,firemen
sorprendido,Surprised
protegido,protected
presenta,presents
metí,I put
entenderlo,Understand it
detengan,stop
conflicto,conflict
códigos,Codes
seco,dry
sabiendo,knowing
hacerla,do
graves,serious
dejarás,You will leave
convencido,convinced
comprende,understands
bromas,jokes
oyen,They hear
moleste,bother
mencionar,to mention
gastos,bills
estaríamos,we would be
esperaremos,we will wait
encontrarán,You will find
billetes,Tickets
arco,bow
altos,High
actores,actors
talvez,perhaps
sitios,sites
saluda,greets
quejas,Complaints
planeando,planning
moriremos,we will die
marica,sissy
habrías,You would
estarían,They would be
dejarán,They will leave
amantes,lovers
acostumbrado,used to
torneo,tournament
planos,blueprints
ordeno,I order
miré,Look
maldicion,curse
kg,kg
dirías,You would say
confirmado,confirmed
vacas,cows
quirófano,operating room
ponerlo,put it
origen,source
fusión,fusion
deberá,must
verdaderos,True
serían,would
seguía,It continued
sabrán,will know
pasaje,passage
necesidades,needs
lavado,washed
galaxia,galaxy
fresca,fresh
doloroso,painful
comenzado,started
uñas,nail
trajes,suits
perfil,profile
manejando,handling
lola,Lola
lentes,glasses
engañar,scam
cállense,Shut up
bate,bat
automático,automatic
tuyas,yours
quedarás,You will stay
profunda,deep
piensen,Think
permiten,allow
heredero,inheritor
entraron,They entered
canadá,Canada
caminos,roads
sintió,He felt
robé,I stole
porno,for not
lejano,far
intercambio,exchange
hojas,sheets
dispare,Try
cuan,how
champaña,champagne
atractiva,attractive
terminal,terminal
rita,Rita
poesía,poetry
pierda,lose
expertos,experts
ensalada,salad
convertir,convert
calientes,hot
autopsia,autopsy
tristeza,sadness
tiendas,stores
mafia,mafia
jodas,fucking
escuchó,heard
enormes,huge
denme,Give me
atacaron,They attacked
almacén,warehouse
sufrió,suffered
productos,products
productor,producer
permitido,permitted
pegó,hit
matarla,kill her
interno,internal
interna,internal
infantil,childish
españa,Spain
diarios,Diaries
combinación,combination
acompañe,Accompany
ropas,clothes
pondremos,we will put
metiste,You put
esencia,essence
brillantes,Bright
bingo,bingo
sordo,deaf
sacas,You take out
rancho,Ranch
objetivos,objectives
muebles,furniture
mencionó,mentioned
estupido,stupid
enterado,aware
documento,document
vencer,overcome
sintiendo,feeling
quieta,still
período,period
oportunidades,opportunities
monos,monkeys
mercancía,commodity
lastimado,hurt
internos,internal
hueco,hollow
golpea,hit
evento,event
estudiando,studying
elige,choose
crecido,grown up
conspiración,conspiracy
avenida,avenue
tremendo,tremendous
tocas,You touch
sabias,You knew
raya,stripe
líos,messes
invitar,invite
homicidios,homicides
herramientas,tools
flecha,arrow
derrota,defeat
cervezas,beers
terminará,will finish
llenar,fill
líderes,Leaders
ganan,They win
fingir,pretend
estrategia,strategy
dirán,They will say
confías,You trust
cómoda,comfortable
comience,Start
cenizas,ashes
capaces,able
temía,I feared
sonríe,smile
quite,remove
necesites,You need
mostrarle,Show him
mordió,bite
jefa,boss
fallo,failed
empiezan,They start
dispositivo,device
detesto,I hate
aprendiste,You learned
aman,love
agradecido,grateful
agáchate,get down
terminaste,You finished
sida,AIDS
mueras,You die
mentí,I lied
lujo,luxury
láser,To be
importe,amount
físico,physical
caes,caes
tiros,shooting
miran,they watch
hadas,Fairies
ganancias,Profits
fritas,fries
fantasía,fancy
deténgase,Stop
déjenlo,Leave it
curar,cure
comidas,foods
quisiste,You wanted
pacífico,peaceful
oler,smell
ofreció,offered
importaba,imported
certeza,certainty
actividades,activities
vestidos,dresses
suele,usually
submarino,submarine
podrias,could you
pesa,weight
judas,Judas
idioma,idiom
identificar,to identify
hubiéramos,we would have
cañones,cannons
beneficios,Benefits
sospecha,suspicion
observación,observation
muchachas,Girls
manejo,driving
jodiendo,Fucking
explicarlo,Explain it
divino,divine
divertida,fun
despegue,takeoff
contrató,contract
volumen,volume
trabajó,work
términos,terms
morirán,They will die
hombros,shoulders
hada,fairy
alegre,cheerful
terribles,terrible
temes,you fear
sabiduría,wisdom
prioridad,priority
pluma,pen
misil,missile
mansión,Mansion
detenerme,stop
despertó,woke up
decírmelo,Tell me
cambiará,switch to
arranca,Starts
alejado,remote
soltero,single
pierden,They lose
mascota,pet
empuja,Push
dentista,dentist
cogido,caught
batería,drums
visual,visual
reconoce,recognize
pedimos,We ask
niebla,fog
métodos,Methods
durmió,he slept
desfile,parade
creciendo,growing
continua,keep going
borracha,drunk
beca,scholarship
adolescente,Teen
actos,Acts
mágica,Magic
imbéciles,Imbéciles
huyendo,running away
fotógrafo,photographer
experimentos,experiments
edificios,buildings
deténganse,stop
cálmense,Calm down
atmósfera,atmosphere
acabaron,They ended
votos,votes
tareas,chores
presupuesto,budget
persecución,persecution
enseñarle,teach him
enfermos,sick
cortes,cuts
contaste,You told
recuerdan,Remember
probabilidades,Probabilities
núcleo,nucleus
multitud,crew
moriré,I will die
empresas,Business
delta,delta
asociación,association
verdes,green
profesión,profession
pelotón,platoon
paro,unemployment
largos,long
danos,damage
creído,Believed
cosecha,harvest
cintas,tapes
agallas,guts
vendido,sold out
tortura,torture
suéltala,Sleel it
sexuales,sexual
retirado,retired
reconoces,You recognize
pudieran,They could
desorden,disorder
desarrollo,developing
abandonó,abandonment
vodka,vodka
violento,violent
vestida,Dressed
probarlo,Try it
balón,ball
población,population
pechos,Breasts
ocurrirá,It will happen
mientes,you lie
leal,loyal
jo,Jo
federación,federation
dí,gave
asustaste,You scared
apártate,back off
vinieras,come
valioso,valuable
profesora,teacher
misericordia,mercy
mancha,stain
ilusión,delusion
habrás,You will have
golpeado,beaten
generador,generator
empiezas,You start
detuvo,stopped
despedir,dismiss
cuerdas,strings
cráneo,skull
champán,champagne
cartel,sign
campana,bell
vendió,sold
rompí,I broke up
revistas,journals
ordena,Order
cállese,Shut up
avanzar,move along
técnicamente,technically
remoto,remote
pudiéramos,We could
pega,job
parto,Birth
nido,nest
molestando,bothering
gota,drop
fracasado,failed
esperé,Wait
escúcheme,listen to me
eco,echo
duros,Hard
dispararle,shoot him
desaparecieron,They disappeared
contarle,tell him
cargando,charging
caen,fall
asesinó,assassin
prométeme,promise me
políticos,politicians
plantas,floors
oculta,hidden
mundos,worlds
fines,purposes
dueños,owners
detén,stop
cm,cm
asesinar,murder
agosto,August
rojas,Red
pantano,swamp
opina,think
odian,They hate
llegaré,I will arrive
impresionado,impressed
dirigir,to direct
diciembre,december
decidimos,we decided to
conectado,connected
toco,I play
sinceramente,to be honest
relacionado,related
quedaron,They were
levanten,Lift
espantoso,frightening
enseño,taught
enfermedades,diseases
divirtiendo,fun
cubre,it covers
confidencial,confidential
compre,I bought
baúl,trunk
baila,Dance
aumento,increase
ascenso,ascent
testimonio,testimony
saliera,came out
resiste,Resist
párate,stand up
ofrecer,to offer
ocupo,occupy
merecía,deserved
jabón,soap
hamburguesa,Burger
escuelas,schools
equivoco,mistaken
caiga,fall
beneficio,benefit
suéltalo,Let it go
rusa,Russian
receta,prescription
modelos,Models
misterioso,mysterious
esconder,hide
eche,Eche
contarte,tell you
callejón,alley
buscarla,look for her
bonitas,Nice
toquen,touch
rudo,rude
pasaré,I will pass
extrañé,I missed
detras,behind
detenerlos,stop them
delito,crime
atacado,attacked
traerlo,bring it
sentencia,judgment
sácame,kick me out
posibles,possible
participar,take part
pagas,you pay
mintió,He lied
jefes,bosses
excepción,exception
espadas,swords
engañado,cheated
débiles,weak
corporación,corporation
